series_id,history_length,start_offset,model,horizon,mae,rmse,mape
RSXFS,6,0,Prophet,6,550.9978102358436,612.5584346903654,0.3721750195028304
RSXFS,6,0,Prophet,12,827.5100312810828,1011.6672329440406,0.5465184491563418
RSXFS,6,0,ARIMA,6,3024.389821843792,3400.6890529524744,2.0285947442089873
RSXFS,6,0,ARIMA,12,5558.222605630947,6354.493253432444,3.644924949689685
RSXFS,6,0,LinearRegression,6,1356.4095238095033,1529.6942228199534,0.9104310762311748
RSXFS,6,0,LinearRegression,12,2109.6142857142645,2473.8007728430225,1.3839878536587544
RSXFS,6,198,Prophet,6,42999.35546820511,47305.52614045112,14.77675187467594
RSXFS,6,198,Prophet,12,80766.29837853526,91388.62866022957,27.18614190752079
RSXFS,6,198,ARIMA,6,3461.238583962297,4256.491834496771,1.1830093853593306
RSXFS,6,198,ARIMA,12,7494.207543889352,8934.764509846642,2.5135377588780354
RSXFS,6,198,LinearRegression,6,33858.59523809524,37718.531844980615,11.632993478243993
RSXFS,6,198,LinearRegression,12,65767.14285714286,75007.57714014882,22.12971213211324
RSXFS,6,396,Prophet,6,17002.79568149037,17465.748036226425,2.687001684706664
RSXFS,6,396,Prophet,12,31003.59993812865,35448.08494629002,4.772119506343856
RSXFS,6,396,ARIMA,6,10938.292548876218,11124.89539101416,1.7288424006988559
RSXFS,6,396,ARIMA,12,21283.29018411318,25064.638000358133,3.271253472413983
RSXFS,6,396,LinearRegression,6,7333.1952380952425,7406.202848997515,1.1593456036699998
RSXFS,6,396,LinearRegression,12,15131.70952380953,18474.295546304325,2.3222200941366222
RSXFS,12,0,Prophet,6,981.3174390069859,1241.8141753040675,0.6445044166821255
RSXFS,12,0,Prophet,12,951.6922267943082,1205.6759764906658,0.6086156805281653
RSXFS,12,0,ARIMA,6,2805.1249642811067,3387.7552511392114,1.813712589612958
RSXFS,12,0,ARIMA,12,6050.405256364294,7151.290132692957,3.8059445010180166
RSXFS,12,0,LinearRegression,6,1080.5598290598282,1273.3912129050016,0.7060908028779482
RSXFS,12,0,LinearRegression,12,1590.1371406371447,1867.7204008768254,1.0064281455225965
RSXFS,12,195,Prophet,6,28093.766325665227,30774.511177728113,9.476606022225436
RSXFS,12,195,Prophet,12,46956.87215388444,52029.76945164622,15.599928841235025
RSXFS,12,195,ARIMA,6,8621.668378483018,9914.605460334242,2.9000838451213578
RSXFS,12,195,ARIMA,12,12564.835045149686,13838.077441154071,4.1727670370619565
RSXFS,12,195,LinearRegression,6,28151.755827505815,30807.626560300272,9.496447192314852
RSXFS,12,195,LinearRegression,12,46950.7022144522,51998.458464580886,15.598099003157277
RSXFS,12,390,Prophet,6,12482.722177397052,12705.636150869306,1.9729221605004061
RSXFS,12,390,Prophet,12,23491.727929192315,27318.52315771526,3.6128062101155365
RSXFS,12,390,ARIMA,6,10968.564843521608,11154.658974953449,1.733629922227548
RSXFS,12,390,ARIMA,12,21313.55890963473,25090.34337847009,3.275965301708893
RSXFS,12,390,LinearRegression,6,2348.041375291359,2712.7454411693393,0.3715105406012749
RSXFS,12,390,LinearRegression,12,8030.9537684537645,11600.127413106855,1.2244841558787827
RSXFS,24,0,Prophet,6,2450.1760966264214,3584.7228766513413,1.4656637766229754
RSXFS,24,0,Prophet,12,2323.2159930454923,3089.83381666113,1.366148024507408
RSXFS,24,0,ARIMA,6,3834.0461184756764,4261.322080011678,2.2833559526778235
RSXFS,24,0,ARIMA,12,7211.850027336547,8236.529343324937,4.178845090397673
RSXFS,24,0,LinearRegression,6,2032.5115942028933,2367.60189838414,1.2107603989290194
RSXFS,24,0,LinearRegression,12,2806.9048550724597,3117.1550304602547,1.632206069999752
RSXFS,24,189,Prophet,6,27914.645810401853,28451.499152964883,9.214973690645884
RSXFS,24,189,Prophet,12,28027.65553573542,28658.514734558237,9.13510775978474
RSXFS,24,189,ARIMA,6,8131.377782352036,8848.195139273412,2.675601603289163
RSXFS,24,189,ARIMA,12,12232.127782352036,13197.514479550882,3.9649015530275813
RSXFS,24,189,LinearRegression,6,24756.910144927544,25763.148789220108,8.160200140214743
RSXFS,24,189,LinearRegression,12,35650.10884057971,37772.60754352965,11.568260021659842
RSXFS,24,378,Prophet,6,3463.480310084337,3997.2754901376197,0.5477339755012454
RSXFS,24,378,Prophet,12,12169.909218015906,17944.595918075356,1.8581948810065716
RSXFS,24,378,ARIMA,6,10899.167990449758,11086.402348201416,1.7226549894987768
RSXFS,24,378,ARIMA,12,21244.123289890093,25031.365039510263,3.265156653893528
RSXFS,24,378,LinearRegression,6,3710.8322463768613,3936.933814504624,0.5870050962821056
RSXFS,24,378,LinearRegression,12,9410.65702898555,12725.501233272607,1.4387001808919817
RSXFS,60,0,Prophet,6,2138.2611644292724,2388.9344215142564,1.0788208965838666
RSXFS,60,0,Prophet,12,2036.1531400073945,2314.6731663311534,1.0156979734305136
RSXFS,60,0,ARIMA,6,3038.9978310615893,3284.9112409253,1.5281905506215214
RSXFS,60,0,ARIMA,12,5218.580839558311,5746.031896017133,2.588244245329584
RSXFS,60,0,LinearRegression,6,2042.0899493686545,2651.1933127014195,1.0320200996768623
RSXFS,60,0,LinearRegression,12,2538.45579481956,2940.6069407272635,1.2639099581681459
RSXFS,60,171,Prophet,6,1285.8149434777733,1366.419876227054,0.38394833232534653
RSXFS,60,171,Prophet,12,2034.1149998246594,2634.6812983168843,0.5924582012829401
RSXFS,60,171,ARIMA,6,3806.765538541212,4341.038441874899,1.1326430304571078
RSXFS,60,171,ARIMA,12,9166.098856182565,11096.728530196417,2.660721217869899
RSXFS,60,171,LinearRegression,6,28554.034282671084,28660.49835040989,8.520210172893734
RSXFS,60,171,LinearRegression,12,34665.88739927754,35385.27437593929,10.151459705870668
RSXFS,60,342,Prophet,6,3402.4574014006844,3886.4532445197087,0.5375331578750735
RSXFS,60,342,Prophet,12,7352.055397254434,9447.434942887448,1.1267855680770091
RSXFS,60,342,ARIMA,6,10951.623473045105,11138.004461233142,1.7309506609175282
RSXFS,60,342,ARIMA,12,21296.623427613948,25075.962015161844,3.273328999807163
RSXFS,60,342,LinearRegression,6,12273.660127813288,12485.34198185017,1.9403860062907483
RSXFS,60,342,LinearRegression,12,9561.447763267584,11014.239053353986,1.5028310205120183
RSFSDP,6,0,Prophet,6,1255.1824059137741,1415.0590373758937,7.472578762370473
RSFSDP,6,0,Prophet,12,2124.4453933711834,2365.843115655378,12.366620866400604
RSFSDP,6,0,ARIMA,6,660.4433213270813,750.8517816831126,3.930067707973308
RSFSDP,6,0,ARIMA,12,1009.7819288341756,1106.6977222981643,5.883608842251114
RSFSDP,6,0,LinearRegression,6,1176.9238095238109,1332.3026716852276,7.005144851328375
RSFSDP,6,0,LinearRegression,12,1998.7190476190488,2229.087096628067,11.633476430809777
RSFSDP,6,198,Prophet,6,379.6411633050666,404.7586393893586,1.0317415409926862
RSFSDP,6,198,Prophet,12,483.3423438050765,508.9385696606657,1.3165650179943769
RSFSDP,6,198,ARIMA,6,367.52052469640574,393.2932075636709,0.9988975838140053
RSFSDP,6,198,ARIMA,12,444.3589879444432,466.8962067744899,1.210379042276119
RSFSDP,6,198,LinearRegression,6,212.98253968253871,234.85294255310018,0.5781152856208158
RSFSDP,6,198,LinearRegression,12,177.35714285714252,201.59247468677955,0.482533329947904
RSFSDP,6,396,Prophet,6,1489.0454010530473,1695.1806032392412,1.4915780621548838
RSFSDP,6,396,Prophet,12,2737.054189575773,3068.5863743330733,2.718491885209961
RSFSDP,6,396,ARIMA,6,918.3215130670505,994.7303654978164,0.919684023814926
RSFSDP,6,396,ARIMA,12,1591.2159073153016,1921.5160047791912,1.5741887223872504
RSFSDP,6,396,LinearRegression,6,1520.3952380952494,1727.0949780935737,1.5230121191661026
RSFSDP,6,396,LinearRegression,12,2795.5928571428667,3133.3611943507385,2.7765048099214833
RSFSDP,12,0,Prophet,6,611.828596219994,647.6051128894296,3.5241551761383327
RSFSDP,12,0,Prophet,12,1036.5342918527092,1159.7031373078157,5.866911269840456
RSFSDP,12,0,ARIMA,6,197.0995125501989,270.6759061843782,1.1264007655241568
RSFSDP,12,0,ARIMA,12,435.64342304394296,524.721198818139,2.453093427911455
RSFSDP,12,0,LinearRegression,6,497.2156177156212,517.5639268806607,2.862579560482057
RSFSDP,12,0,LinearRegression,12,635.5652680652711,666.3415723859355,3.60170015971029
RSFSDP,12,195,Prophet,6,527.8397290194334,566.0924303729311,1.4381382819240993
RSFSDP,12,195,Prophet,12,1103.228882752904,1319.1270886104228,2.9856268197225493
RSFSDP,12,195,ARIMA,6,179.37306069774544,198.3185580313467,0.4878616267375624
RSFSDP,12,195,ARIMA,12,279.86643947034344,377.114665335072,0.7553081591997696
RSFSDP,12,195,LinearRegression,6,273.20687645687696,280.9208173374822,0.7442871656077908
RSFSDP,12,195,LinearRegression,12,291.0745920745928,315.6255727828213,0.7894541924730684
RSFSDP,12,390,Prophet,6,1363.8904109725845,1569.1849087322025,1.3661505463296177
RSFSDP,12,390,Prophet,12,2550.0173928852855,2872.3688841806957,2.5327699824367422
RSFSDP,12,390,ARIMA,6,865.3650276478342,1043.3924983869258,0.866751767655413
RSFSDP,12,390,ARIMA,12,1695.9551578959424,1950.7185901868047,1.6854757422542788
RSFSDP,12,390,LinearRegression,6,721.6194638694651,921.5611787379672,0.7225987580738196
RSFSDP,12,390,LinearRegression,12,1541.9370629370617,1812.2200990581612,1.5320931562973092
RSFSDP,24,0,Prophet,6,1473.6322299402955,1582.1038336188985,8.083338413577538
RSFSDP,24,0,Prophet,12,1826.5998120486968,1913.0453725225964,9.901774153807176
RSFSDP,24,0,ARIMA,6,449.51215255085725,475.7202554890672,2.487826971347831
RSFSDP,24,0,ARIMA,12,611.5790065698653,646.2775509598755,3.322263574607632
RSFSDP,24,0,LinearRegression,6,227.57628019323724,342.55056114870064,1.2890882013080516
RSFSDP,24,0,LinearRegression,12,177.81666666666752,260.70953582601436,0.988645812073737
RSFSDP,24,189,Prophet,6,540.4865070409287,771.9328814050677,1.4513835423434227
RSFSDP,24,189,Prophet,12,1232.258484967307,1500.2649892301627,3.2504973708913276
RSFSDP,24,189,ARIMA,6,377.052775328358,491.32526800125606,1.0138457121913094
RSFSDP,24,189,ARIMA,12,932.3870100855402,1126.608237932581,2.4595807661563565
RSFSDP,24,189,LinearRegression,6,276.4355555555546,341.030306896943,0.74524200393913
RSFSDP,24,189,LinearRegression,12,749.6977777777793,922.2912614907652,1.977167337048823
RSFSDP,24,378,Prophet,6,1747.5347529146359,1922.0671177382292,1.751283382572415
RSFSDP,24,378,Prophet,12,3236.5613708429337,3740.9165347026037,3.2169977507755285
RSFSDP,24,378,ARIMA,6,532.4625190843508,689.3304510515139,0.5333367143815954
RSFSDP,24,378,ARIMA,12,1089.3051128274165,1307.3756408239265,1.0838496410530236
RSFSDP,24,378,LinearRegression,6,448.963526570049,494.4195127205347,0.45067212213137736
RSFSDP,24,378,LinearRegression,12,587.8081159420302,698.0325803975869,0.5873457223465616
RSFSDP,60,0,Prophet,6,534.0127834577366,549.3383167886477,2.570971474160359
RSFSDP,60,0,Prophet,12,517.4173573922275,551.8743224371443,2.4597373567226475
RSFSDP,60,0,ARIMA,6,213.7149698854761,220.73066812854194,1.0282427540757
RSFSDP,60,0,ARIMA,12,294.6934206665098,333.90556326176846,1.3945056145110628
RSFSDP,60,0,LinearRegression,6,366.3342873020277,371.9458460866891,1.763028076435939
RSFSDP,60,0,LinearRegression,12,408.16164675372664,440.822617299399,1.936154197162387
RSFSDP,60,171,Prophet,6,445.32685351873806,481.8749186451412,1.09781134517893
RSFSDP,60,171,Prophet,12,596.1358970651758,669.7050692158372,1.4448436304451777
RSFSDP,60,171,ARIMA,6,793.3432120461439,909.8225754323529,1.9513111537179397
RSFSDP,60,171,ARIMA,12,1342.093212046144,1515.3551984008025,3.248164290303256
RSFSDP,60,171,LinearRegression,6,1494.8302861906134,1532.370163104341,3.6904864750226385
RSFSDP,60,171,LinearRegression,12,1845.128494026123,1909.2310168960548,4.485862662240674
RSFSDP,60,342,Prophet,6,916.4154576438013,997.8654048179338,0.9200175277724743
RSFSDP,60,342,Prophet,12,1170.8807275250376,1312.2885750243322,1.1628284801681978
RSFSDP,60,342,ARIMA,6,853.5969459031185,934.9666749186473,0.8547627458034024
RSFSDP,60,342,ARIMA,12,1526.2542953023137,1867.9050644920446,1.5094600830018685
RSFSDP,60,342,LinearRegression,6,5867.055293136985,5944.07246025754,5.882655920323508
RSFSDP,60,342,LinearRegression,12,7385.598198573681,7573.703950663443,7.3477012933798
RSCCAS,6,0,Prophet,6,81.94856854568054,92.51632539324406,0.8304769668138349
RSCCAS,6,0,Prophet,12,155.94759412848393,198.14442621159628,1.5748184056525967
RSCCAS,6,0,ARIMA,6,291.2604215827887,300.9466114161688,2.9481592428452696
RSCCAS,6,0,ARIMA,12,356.28520868435635,394.8003304714724,3.561324065192717
RSCCAS,6,0,LinearRegression,6,162.7904761904759,173.08448096527985,1.647658576518735
RSCCAS,6,0,LinearRegression,12,173.59523809523776,206.42958806801866,1.7439004654983863
RSCCAS,6,198,Prophet,6,1371.0628967837304,1468.4696234866917,8.274461986871922
RSCCAS,6,198,Prophet,12,2472.208912077914,2761.392845152287,14.816613327459374
RSCCAS,6,198,ARIMA,6,279.4650890134132,333.6591829162944,1.6795691287991572
RSCCAS,6,198,ARIMA,12,298.34684469349304,335.2411376866664,1.7855818454229062
RSCCAS,6,198,LinearRegression,6,1499.4666666666683,1603.309624218328,9.053075120949556
RSCCAS,6,198,LinearRegression,12,2679.783333333335,2987.055185853342,16.063072145787395
RSCCAS,6,396,Prophet,6,198.56678534133366,242.2763298546022,0.7326238886381957
RSCCAS,6,396,Prophet,12,369.05516219626617,447.75815415064807,1.341487534096662
RSCCAS,6,396,ARIMA,6,619.6053275272152,640.8670653460066,2.278488108178572
RSCCAS,6,396,ARIMA,12,897.9375674042767,969.2531410438075,3.2564361913826776
RSCCAS,6,396,LinearRegression,6,206.68888888888978,231.68197551337084,0.7615494225017467
RSCCAS,6,396,LinearRegression,12,249.90555555555542,297.1612076522323,0.9116278241913957
RSCCAS,12,0,Prophet,6,222.67779593065916,259.6914035081597,2.2485996215876565
RSCCAS,12,0,Prophet,12,213.27063130127453,245.78270545725786,2.12626895767556
RSCCAS,12,0,ARIMA,6,183.9367005536566,219.03703441915954,1.8440474879897453
RSCCAS,12,0,ARIMA,12,219.97427341297498,242.6620821482344,2.1751759214163164
RSCCAS,12,0,LinearRegression,6,260.68453768453645,290.7065733622345,2.6312255304806813
RSCCAS,12,0,LinearRegression,12,281.0549728049714,308.9913608538472,2.7960903566457374
RSCCAS,12,195,Prophet,6,1017.4038772435664,1106.4175488890842,6.100969992421459
RSCCAS,12,195,Prophet,12,1730.9973625234827,1936.2740855882969,10.255002580782174
RSCCAS,12,195,ARIMA,6,681.340099915696,698.0424362069601,4.090346848925227
RSCCAS,12,195,ARIMA,12,827.6510469551118,868.5763296407989,4.91216449987116
RSCCAS,12,195,LinearRegression,6,1025.9428904428917,1114.0444439717394,6.152344339953038
RSCCAS,12,195,LinearRegression,12,1739.6182983683,1944.3638306057883,10.306254155227423
RSCCAS,12,390,Prophet,6,208.3866055198323,233.1160910569181,0.7677009984794316
RSCCAS,12,390,Prophet,12,238.47084579571552,283.14881664424433,0.8704546526874066
RSCCAS,12,390,ARIMA,6,203.72985048693712,225.52315412075652,0.750187429019816
RSCCAS,12,390,ARIMA,12,211.31144356401242,239.85117564292148,0.7719829368108673
RSCCAS,12,390,LinearRegression,6,277.3564491064505,320.88297646677995,1.0208389767106978
RSCCAS,12,390,LinearRegression,12,231.9685314685321,275.90044683820514,0.8474296637362867
RSCCAS,24,0,Prophet,6,569.7635112849488,675.2586832739914,5.506040660576339
RSCCAS,24,0,Prophet,12,789.9401610434657,875.1928403926964,7.530479789749521
RSCCAS,24,0,ARIMA,6,114.53291713688486,148.64999287742012,1.1051911158491194
RSCCAS,24,0,ARIMA,12,236.73250094043638,288.7650723887366,2.2460186928833554
RSCCAS,24,0,LinearRegression,6,187.65487922705293,213.4036420609181,1.8363128865854073
RSCCAS,24,0,LinearRegression,12,145.93053140096603,175.46549546076125,1.4154881690238847
RSCCAS,24,189,Prophet,6,458.3234196809993,565.0911670417604,2.6854468912587235
RSCCAS,24,189,Prophet,12,370.24115721409197,468.93464572335,2.164451151139862
RSCCAS,24,189,ARIMA,6,248.0037712159004,329.90281532990105,1.4471387514408076
RSCCAS,24,189,ARIMA,12,364.5908757651341,416.0683068064452,2.120755122526486
RSCCAS,24,189,LinearRegression,6,939.6376811594206,1018.5650901845498,5.520993928417433
RSCCAS,24,189,LinearRegression,12,1353.4152173913046,1447.504217364483,7.894422270409092
RSCCAS,24,378,Prophet,6,1267.8693154372515,1347.7304586147163,4.667076456273777
RSCCAS,24,378,Prophet,12,1591.4252814654747,1676.197803647247,5.792505755071917
RSCCAS,24,378,ARIMA,6,573.6000610069786,596.9157087232192,2.1090054514904937
RSCCAS,24,378,ARIMA,12,852.5167276736453,927.6400239419039,3.0907794466208824
RSCCAS,24,378,LinearRegression,6,745.8931159420268,757.1135390290851,2.7453198974992348
RSCCAS,24,378,LinearRegression,12,810.4467391304328,833.0251196060742,2.9478247027206095
RSCCAS,60,0,Prophet,6,216.97610358275688,286.55453840965424,1.9751819736403071
RSCCAS,60,0,Prophet,12,150.80604884216186,215.0988312992155,1.3510768978683196
RSCCAS,60,0,ARIMA,6,185.24181725171366,224.01862724004016,1.6688625378340194
RSCCAS,60,0,ARIMA,12,331.150301170094,383.66043059118397,2.8904038930122318
RSCCAS,60,0,LinearRegression,6,183.5133432126213,268.9035838574832,1.6793557576471208
RSCCAS,60,0,LinearRegression,12,149.76135191874255,213.70697325256427,1.3377442575393428
RSCCAS,60,171,Prophet,6,325.48776283004617,353.68561132760783,1.7416250072270818
RSCCAS,60,171,Prophet,12,413.23829529678613,542.8896794104922,2.152906378858381
RSCCAS,60,171,ARIMA,6,421.787762103843,475.7037587611148,2.2523201528409516
RSCCAS,60,171,ARIMA,12,705.6573979612298,825.9570020467214,3.6849980686580026
RSCCAS,60,171,LinearRegression,6,1483.2139436880632,1500.9040429271467,7.954464029841013
RSCCAS,60,171,LinearRegression,12,1795.859150690009,1853.3318403335438,9.453069958300514
RSCCAS,60,342,Prophet,6,1110.559845808418,1144.411674861241,4.086518263895844
RSCCAS,60,342,Prophet,12,1155.546508659203,1203.1254202118023,4.208539468741459
RSCCAS,60,342,ARIMA,6,586.9474823203133,609.7271334222357,2.158169375181855
RSCCAS,60,342,ARIMA,12,865.8205717338427,939.8598017763206,3.139291957323943
RSCCAS,60,342,LinearRegression,6,149.85864437652344,151.6760918606618,0.5516210859058026
RSCCAS,60,342,LinearRegression,12,163.88646228890684,188.12748494399983,0.5980795230108417
RSGASS,6,0,Prophet,6,20.531990506799048,27.723098055066885,0.15624980967898136
RSGASS,6,0,Prophet,12,140.27391721713093,220.76332022583827,1.0552464225354876
RSGASS,6,0,ARIMA,6,355.3430883611263,388.69093515231083,2.709465093661224
RSGASS,6,0,ARIMA,12,494.4746618251626,527.7739372985956,3.731080566341285
RSGASS,6,0,LinearRegression,6,290.8476190476179,309.1036314344847,2.219986715819536
RSGASS,6,0,LinearRegression,12,334.35476190476084,350.840917396656,2.5266065245936464
RSGASS,6,198,Prophet,6,14182.927928721489,16268.580200573748,46.44886779443542
RSGASS,6,198,Prophet,12,28738.30086032182,33207.93686111599,84.58394728197752
RSGASS,6,198,ARIMA,6,2123.8776975541005,2640.6941115612717,6.858362392989413
RSGASS,6,198,ARIMA,12,4708.4610308874335,5569.32894124368,13.762874170784404
RSGASS,6,198,LinearRegression,6,14355.276190476192,16471.796168576708,47.01970987577584
RSGASS,6,198,LinearRegression,12,28977.83095238096,33458.0523073448,85.30725658458282
RSGASS,6,396,Prophet,6,2621.969089845284,2750.1903739069126,4.997164677675523
RSGASS,6,396,Prophet,12,6341.966013644581,8162.751510169984,10.790943246283668
RSGASS,6,396,ARIMA,6,1762.9219574255403,1841.1466973890028,3.360170926198064
RSGASS,6,396,ARIMA,12,4898.588624092207,6698.123398657353,8.249910766257546
RSGASS,6,396,LinearRegression,6,4439.490476190476,4686.681339314759,8.460832452304574
RSGASS,6,396,LinearRegression,12,9389.985714285716,11369.876155120008,16.156382336378318
RSGASS,12,0,Prophet,6,209.9007464059156,259.11516617573693,1.5780933550424208
RSGASS,12,0,Prophet,12,403.7022363207605,469.0957564251214,3.02059419153129
RSGASS,12,0,ARIMA,6,87.88892983983563,110.79701742376467,0.657049616278694
RSGASS,12,0,ARIMA,12,140.4306476593615,187.3735500182845,1.0416253746788449
RSGASS,12,0,LinearRegression,6,175.4999999999994,220.01854749680356,1.319260851467797
RSGASS,12,0,LinearRegression,12,353.10256410256335,415.7355337515282,2.642272315544421
RSGASS,12,195,Prophet,6,11419.230058715724,12628.448553323147,34.27157444300524
RSGASS,12,195,Prophet,12,19280.86611860927,21350.428334258286,54.14152110210991
RSGASS,12,195,ARIMA,6,3774.2380976912787,4357.767810933964,11.231102289208327
RSGASS,12,195,ARIMA,12,5870.036715888066,6449.207474111146,16.47906819071172
RSGASS,12,195,LinearRegression,6,11459.226689976678,12659.108057224848,34.39794015329169
RSGASS,12,195,LinearRegression,12,19310.607808857796,21372.91437837539,54.23139072080906
RSGASS,12,390,Prophet,6,3254.4390513615194,3447.6422629528547,6.2011549661742436
RSGASS,12,390,Prophet,12,7538.813254876176,9457.98939436761,12.88718289849338
RSGASS,12,390,ARIMA,6,1763.161440768301,1841.376007105959,3.3606287890500153
RSGASS,12,390,ARIMA,12,4898.828107434968,6698.2985437908355,8.250345462364999
RSGASS,12,390,LinearRegression,6,1826.1217948717956,1963.803263769963,3.4774835973274647
RSGASS,12,390,LinearRegression,12,5346.134615384615,7280.587168683048,9.010161526128972
RSGASS,24,0,Prophet,6,238.17270501161207,281.62049338745516,1.748031651603511
RSGASS,24,0,Prophet,12,386.2655328515364,473.30805295127635,2.703833205167575
RSGASS,24,0,ARIMA,6,189.70952439200028,226.03566384500144,1.3775324552249724
RSGASS,24,0,ARIMA,12,610.2720849520069,757.3342032439016,4.227624391930425
RSGASS,24,0,LinearRegression,6,97.71920289855068,136.03544070251178,0.7183587371285717
RSGASS,24,0,LinearRegression,12,279.5144927536233,349.24934977966484,1.9416806487963048
RSGASS,24,189,Prophet,6,15552.131176948329,15845.378546481528,42.333550456637006
RSGASS,24,189,Prophet,12,13187.182023770183,13717.469724223456,36.03086780362914
RSGASS,24,189,ARIMA,6,1978.821947016849,2157.777339451625,5.354157108940034
RSGASS,24,189,ARIMA,12,1857.549595236751,2011.4598402629624,5.050522832683535
RSGASS,24,189,LinearRegression,6,8682.695289855072,8873.677025983001,23.633869669610664
RSGASS,24,189,LinearRegression,12,10507.609347826085,10780.125448314935,28.773527269533822
RSGASS,24,378,Prophet,6,9750.94326469648,9847.09704521966,18.619452530232785
RSGASS,24,378,Prophet,12,13801.351538096576,14889.514117072036,24.278162616619912
RSGASS,24,378,ARIMA,6,1702.5510977975998,1782.7651686552442,3.2447927204886624
RSGASS,24,378,ARIMA,12,4837.332428461141,6652.94986908835,8.138829508589152
RSGASS,24,378,LinearRegression,6,2217.0692028985527,2357.2263932440524,4.223557317989284
RSGASS,24,378,LinearRegression,12,5886.758043478262,7782.724037420839,9.971176832382888
RSGASS,60,0,Prophet,6,435.64625922868254,502.6458957804889,2.6462846619024067
RSGASS,60,0,Prophet,12,637.5312793972756,713.1422186725902,3.875110087365754
RSGASS,60,0,ARIMA,6,253.06470082235805,263.9341659399408,1.5218989531329905
RSGASS,60,0,ARIMA,12,195.11566204694554,222.70177262248038,1.179815069380135
RSGASS,60,0,LinearRegression,6,352.63576919514645,394.6940491882219,2.1140345590553498
RSGASS,60,0,LinearRegression,12,361.61621746781566,406.81548754003813,2.1861426893773617
RSGASS,60,171,Prophet,6,6596.90527776679,6715.000260188529,14.720212751608283
RSGASS,60,171,Prophet,12,7081.261498723204,7168.04443120397,15.605571228955405
RSGASS,60,171,ARIMA,6,917.166983696432,946.6169288690207,2.0437137332711024
RSGASS,60,171,ARIMA,12,1458.6109745288188,1711.0785233029785,3.178738575145306
RSGASS,60,171,LinearRegression,6,7073.330554783738,7077.07549157653,15.78013456920557
RSGASS,60,171,LinearRegression,12,7569.868180976199,7617.838129994988,16.657863494846524
RSGASS,60,342,Prophet,6,3625.5303350383037,3935.9734657490408,6.90436299260913
RSGASS,60,342,Prophet,12,7413.528639133471,8942.635967858594,12.76892483833961
RSGASS,60,342,ARIMA,6,1726.9629622423101,1806.5507096062072,3.291434667682088
RSGASS,60,342,ARIMA,12,4862.376190537934,6671.5401497264875,8.184211069522988
RSGASS,60,342,LinearRegression,6,5314.214828193016,5324.481042195297,10.165657250588577
RSGASS,60,342,LinearRegression,12,4643.724059152233,4894.283009193195,8.582233528739904
RSFHFS,6,0,Prophet,6,88.63219260626875,97.86527257550964,2.1197033907356873
RSFHFS,6,0,Prophet,12,68.93912812011293,82.55568984951482,1.6186961705011418
RSFHFS,6,0,ARIMA,6,35.87084085284763,43.69292237557618,0.8581670383119825
RSFHFS,6,0,ARIMA,12,111.7703066316642,143.69224553971037,2.549578449829075
RSFHFS,6,0,LinearRegression,6,98.40952380952376,107.28399973266961,2.352691803075148
RSFHFS,6,0,LinearRegression,12,76.75079365079357,88.66823434755489,1.8037090464774364
RSFHFS,6,198,Prophet,6,92.99786338057159,126.26005906938275,1.348198418011772
RSFHFS,6,198,Prophet,12,306.8976439274231,400.34035668166996,4.511894011401888
RSFHFS,6,198,ARIMA,6,282.46553790016605,308.0363021375297,4.090738186064629
RSFHFS,6,198,ARIMA,12,369.96553790016605,391.01044218847386,5.418648282332943
RSFHFS,6,198,LinearRegression,6,355.6380952380957,414.56754004718124,5.138624819999761
RSFHFS,6,198,LinearRegression,12,786.6238095238099,932.5933293316185,11.543345193543047
RSFHFS,6,396,Prophet,6,154.7327367981737,181.5561873644265,1.3683461308730425
RSFHFS,6,396,Prophet,12,345.0083920130431,430.43878135684923,3.0644645127624144
RSFHFS,6,396,ARIMA,6,216.15212392750195,243.11236183479386,1.9379976917910828
RSFHFS,6,396,ARIMA,12,173.9134206091885,213.50064148434885,1.5629907489619173
RSFHFS,6,396,LinearRegression,6,121.23809523809571,162.5263783927688,1.0799763272406888
RSFHFS,6,396,LinearRegression,12,165.62857142857138,214.935709419522,1.47103740340121
RSFHFS,12,0,Prophet,6,185.71107410694745,196.1850397056622,4.19700215061592
RSFHFS,12,0,Prophet,12,222.40934625795572,230.20866009486144,4.9795441726630605
RSFHFS,12,0,ARIMA,6,183.93870272976497,194.9316168578041,4.156247746377692
RSFHFS,12,0,ARIMA,12,229.68870272976497,239.18537417082572,5.140558518121007
RSFHFS,12,0,LinearRegression,6,164.32750582750623,175.732360549262,3.711875676417394
RSFHFS,12,0,LinearRegression,12,190.797785547786,197.87242371652633,4.271881643238803
RSFHFS,12,195,Prophet,6,462.928540123097,505.49461466506074,6.785441292374372
RSFHFS,12,195,Prophet,12,892.5875606740668,1029.1265318937235,13.016011098796232
RSFHFS,12,195,ARIMA,6,139.03637130554398,145.15328924525542,2.0291240891861224
RSFHFS,12,195,ARIMA,12,152.046002856609,170.86797508917817,2.2095565927679575
RSFHFS,12,195,LinearRegression,6,497.3490675990677,540.0541097513989,7.289367990335027
RSFHFS,12,195,LinearRegression,12,941.1043123543126,1079.4516592093778,13.724309688682975
RSFHFS,12,390,Prophet,6,124.89864289488348,164.3303785819951,1.1142665043862123
RSFHFS,12,390,Prophet,12,164.9784836314093,210.03882231752814,1.4665046718831969
RSFHFS,12,390,ARIMA,6,215.7720224897151,242.7911164709054,1.9344879763611715
RSFHFS,12,390,ARIMA,12,173.33837936104933,213.08064121920373,1.5577968835432907
RSFHFS,12,390,LinearRegression,6,418.34343434343464,468.7588588694571,3.7709899763332646
RSFHFS,12,390,LinearRegression,12,483.686868686869,514.4813296588064,4.341899476666138
RSFHFS,24,0,Prophet,6,173.12585613061447,194.30500794908068,3.6622547329049704
RSFHFS,24,0,Prophet,12,263.25634840666726,288.3718378750384,5.357358779783592
RSFHFS,24,0,ARIMA,6,202.19094584642698,218.72599120056455,4.266332957108529
RSFHFS,24,0,ARIMA,12,343.69701564136705,379.39374812486744,6.9688778132326785
RSFHFS,24,0,LinearRegression,6,130.84625603864757,139.29238707363348,2.778696232117457
RSFHFS,24,0,LinearRegression,12,208.547512077295,227.2781742983761,4.242156293358304
RSFHFS,24,189,Prophet,6,140.7980665962832,171.8900651196376,2.0364458465898436
RSFHFS,24,189,Prophet,12,145.58658598741422,181.3913242950647,2.1066127518574698
RSFHFS,24,189,ARIMA,6,187.58726000657862,232.28597811362707,2.7115844286078747
RSFHFS,24,189,ARIMA,12,286.03505744063045,318.6017830371651,4.139791460224161
RSFHFS,24,189,LinearRegression,6,719.9253623188396,771.3175365947267,10.459652184182806
RSFHFS,24,189,LinearRegression,12,1064.1937681159409,1142.3101517949865,15.429416636521601
RSFHFS,24,378,Prophet,6,813.4482634951719,872.5776547802386,7.316022340377777
RSFHFS,24,378,Prophet,12,820.9252152436907,880.5989430763138,7.369756034711031
RSFHFS,24,378,ARIMA,6,229.11923234820037,253.98161148530204,2.0556969757309544
RSFHFS,24,378,ARIMA,12,189.94070710191713,225.78644040268563,1.7070914874835486
RSFHFS,24,378,LinearRegression,6,412.7193236714981,460.0306139038293,3.7190405929161376
RSFHFS,24,378,LinearRegression,12,489.703647342996,519.598814205677,4.394416108039775
RSFHFS,60,0,Prophet,6,63.70947007471508,64.87256860994162,1.1079365700026682
RSFHFS,60,0,Prophet,12,89.4184247756729,101.18811154530147,1.5093081181686367
RSFHFS,60,0,ARIMA,6,170.80305006122884,186.25203569117716,2.9563886867079487
RSFHFS,60,0,ARIMA,12,291.8030500612288,325.8532270525974,4.915770512012597
RSFHFS,60,0,LinearRegression,6,51.14012688709803,59.19825897622933,0.8836352498504979
RSFHFS,60,0,LinearRegression,12,91.7543808465313,107.34769035169957,1.5423335723493428
RSFHFS,60,171,Prophet,6,78.07936556702316,84.73801831098523,1.0972616982256067
RSFHFS,60,171,Prophet,12,213.41772658954847,269.4534564775429,2.921925567276397
RSFHFS,60,171,ARIMA,6,239.04135989654847,245.9490132834273,3.372881038803955
RSFHFS,60,171,ARIMA,12,216.2740315099521,230.58804501063045,3.0220480302592114
RSFHFS,60,171,LinearRegression,6,986.948286561082,995.4831855901633,13.901605262525418
RSFHFS,60,171,LinearRegression,12,1254.261767157544,1294.2716794650282,17.34523991863345
RSFHFS,60,342,Prophet,6,344.76455972399407,362.9067095357349,3.094684807882609
RSFHFS,60,342,Prophet,12,503.00247592068143,546.1986395934183,4.507620299472772
RSFHFS,60,342,ARIMA,6,228.4733157580231,253.41533854023052,2.0498290115374624
RSFHFS,60,342,ARIMA,12,189.13331136419552,225.144961646344,1.6998301806628962
RSFHFS,60,342,LinearRegression,6,257.9765382359304,281.9613871996894,2.3174721749148226
RSFHFS,60,342,LinearRegression,12,231.88094532431933,260.52774310861196,2.0835631282483296
RSEAS,6,0,Prophet,6,141.67210569303697,151.97524579095452,3.518165012473748
RSEAS,6,0,Prophet,12,282.42008153519714,321.51686466728813,6.65324940339484
RSEAS,6,0,ARIMA,6,161.44402645218133,172.46759075183047,4.00983201640542
RSEAS,6,0,ARIMA,12,315.6108397614897,357.71846616671667,7.438331797245574
RSEAS,6,0,LinearRegression,6,68.68571428571424,79.42625838815485,1.7036339740425777
RSEAS,6,0,LinearRegression,12,157.195238095238,185.45472031733735,3.6929957129761397
RSEAS,6,198,Prophet,6,538.2961698241924,574.1800095055236,6.5133401288430415
RSEAS,6,198,Prophet,12,908.6813470692551,1023.1450338247773,11.354686146871245
RSEAS,6,198,ARIMA,6,366.4185368791198,385.16600435717504,4.421585009926651
RSEAS,6,198,ARIMA,12,346.01855516267125,362.47795002444406,4.283736353053789
RSEAS,6,198,LinearRegression,6,588.5619047619058,619.4793627041402,7.139404695385259
RSEAS,6,198,LinearRegression,12,989.342857142858,1108.0044576766352,12.371853173060549
RSEAS,6,396,Prophet,6,121.6506166052712,123.6726663023095,1.5722487054511347
RSEAS,6,396,Prophet,12,292.57229606085144,353.0196391359935,3.638354328280508
RSEAS,6,396,ARIMA,6,138.02453682417445,139.85223459858824,1.7839658354408527
RSEAS,6,396,ARIMA,12,313.8581102055148,373.6457273695324,3.9059884041086423
RSEAS,6,396,LinearRegression,6,33.54761904761896,47.091427935814686,0.43334722245596907
RSEAS,6,396,LinearRegression,12,130.03809523809537,178.8772904368067,1.606965565140447
RSEAS,12,0,Prophet,6,124.55289008762914,130.44543030352537,2.8778987881939058
RSEAS,12,0,Prophet,12,151.0119419684453,156.49130700349775,3.3860776324374555
RSEAS,12,0,ARIMA,6,126.19180551747088,133.83860530991006,2.914287727544404
RSEAS,12,0,ARIMA,12,160.67178571741132,168.02294460973397,3.5976760495345794
RSEAS,12,0,LinearRegression,6,127.57109557109531,133.38150476358453,2.9477488997305654
RSEAS,12,0,LinearRegression,12,155.9003496503495,161.54542853302968,3.495008530939913
RSEAS,12,195,Prophet,6,132.98485508365488,149.77934914690775,1.6873867231488635
RSEAS,12,195,Prophet,12,425.26298832252655,564.8223632910468,5.270193357380867
RSEAS,12,195,ARIMA,6,82.13613469088826,91.94659655608586,1.0455342864025818
RSEAS,12,195,ARIMA,12,115.22159941800548,154.53581394039884,1.4357466935144085
RSEAS,12,195,LinearRegression,6,130.76359751359738,148.4112548871587,1.6592076859829905
RSEAS,12,195,LinearRegression,12,427.1956099456102,568.5347666196128,5.294131438986626
RSEAS,12,390,Prophet,6,51.910354779503145,61.96142999609631,0.6705798070117109
RSEAS,12,390,Prophet,12,177.18220716865684,232.683456255555,2.1939773500772324
RSEAS,12,390,ARIMA,6,136.73824781676362,139.2935869488848,1.7672599828335478
RSEAS,12,390,ARIMA,12,312.06141157345866,372.0191325640607,3.883370965791317
RSEAS,12,390,LinearRegression,6,97.11946386946313,101.1285730439133,1.255141947598071
RSEAS,12,390,LinearRegression,12,236.18706293706228,287.8129558762813,2.9358321184437557
RSEAS,24,0,Prophet,6,249.20387937159634,295.38345082484807,4.9731533103194625
RSEAS,24,0,Prophet,12,459.7553597965061,525.842662284816,8.624744527104493
RSEAS,24,0,ARIMA,6,157.65669838475029,176.1394321161397,3.1568450729499973
RSEAS,24,0,ARIMA,12,299.86915304112154,346.03406221065836,5.614173526785855
RSEAS,24,0,LinearRegression,6,128.49311594202936,147.03768609070073,2.5686118695776154
RSEAS,24,0,LinearRegression,12,257.91673913043513,302.5661427014106,4.818276167635204
RSEAS,24,189,Prophet,6,186.59415543432578,223.44889128587906,2.2972935983441514
RSEAS,24,189,Prophet,12,418.4125019129119,506.1575978219604,5.088968033745555
RSEAS,24,189,ARIMA,6,239.83280518341917,289.3343212715889,2.94183848798001
RSEAS,24,189,ARIMA,12,335.68640543573815,370.4172874267989,4.086362194145379
RSEAS,24,189,LinearRegression,6,476.2586956521747,551.8044602202364,5.856705435699344
RSEAS,24,189,LinearRegression,12,796.5271014492761,887.8567683576708,9.700290099075415
RSEAS,24,378,Prophet,6,112.62855057199158,125.64046806136882,1.4573373510334804
RSEAS,24,378,Prophet,12,153.22027952564704,177.04904565233784,1.9179720425526066
RSEAS,24,378,ARIMA,6,193.04924631872822,194.26246037117727,2.4955703845355717
RSEAS,24,378,ARIMA,12,371.30210921299937,424.0379800996073,4.632115306577104
RSEAS,24,378,LinearRegression,6,170.87753623188414,172.32808349956755,2.2088039937547292
RSEAS,24,378,LinearRegression,12,343.40304347826094,397.01255810218686,4.280910172833318
RSEAS,60,0,Prophet,6,88.11906021408019,156.9600803190464,1.4534543471058692
RSEAS,60,0,Prophet,12,95.70643122803267,135.5346827108172,1.5276106651879513
RSEAS,60,0,ARIMA,6,130.5610452355962,136.63958709858136,2.0984180279429316
RSEAS,60,0,ARIMA,12,193.02294386244648,206.66904716645928,3.0325946549180762
RSEAS,60,0,LinearRegression,6,537.6279012688706,543.164433369957,8.654837873238302
RSEAS,60,0,LinearRegression,12,583.5743771417984,588.8334073849982,9.217817477097023
RSEAS,60,171,Prophet,6,75.24184681266463,89.53213243020863,0.8955398012023627
RSEAS,60,171,Prophet,12,149.27926767461614,196.7063273687392,1.7567565225292248
RSEAS,60,171,ARIMA,6,99.55049676843767,123.27874427158476,1.1827047511555886
RSEAS,60,171,ARIMA,12,159.67537963821133,194.92522150120269,1.877008504309895
RSEAS,60,171,LinearRegression,6,501.946897286284,510.6816442304442,5.991911497250143
RSEAS,60,171,LinearRegression,12,632.6208576456431,654.1884930745761,7.482361733342359
RSEAS,60,342,Prophet,6,433.4566425034862,487.21605896595753,5.6014705172816575
RSEAS,60,342,Prophet,12,503.4039906944183,536.4525036919823,6.342887237044345
RSEAS,60,342,ARIMA,6,154.31352542071195,156.5823859896493,1.9947737201633298
RSEAS,60,342,ARIMA,12,329.41203078101415,386.4330896361418,4.10316519954577
RSEAS,60,342,LinearRegression,6,25.87213269117956,32.41324904462851,0.33395986823006696
RSEAS,60,342,LinearRegression,12,182.1672532493592,257.6931721312926,2.246517377650716
